record_id,predicted_label,predicted_confidence
678fac4508,Negative,0.9598697423934937
aa36e66416,Positive,0.8768969178199768
bcb523d41d,Positive,0.7171631455421448
10a7d67fed,Negative,0.8115514516830444
9931db5bde,Negative,0.927054762840271
b1a5bec088,Positive,0.9403945207595825
92c4fe1a90,Positive,0.9358648657798767
35819ac122,Neutral,0.9797922372817993
894a4b64f1,Positive,0.8471994400024414
0eab19389e,Positive,0.8184041380882263
05065c83a6,Positive,0.9081699848175049
a772423181,Negative,0.7544442415237427
feec54881f,Negative,0.9249520301818848
f1f9713aee,Positive,0.9649416208267212
0070e35554,Positive,0.9507465362548828
abdd26fbf6,Positive,0.9185954332351685
9cbf414460,Positive,0.9551351070404053
4c7c75d7e2,Neutral,0.6933421492576599
a7d8714913,Neutral,0.8130490779876709
b9bd9f2a5f,Positive,0.8611384630203247
3c292508a2,Negative,0.907971203327179
ebd3d35c3c,Neutral,0.6940186023712158
c654d6b131,Negative,0.9806397557258606
248a694ad2,Neutral,0.8285491466522217
658fe8b054,Negative,0.7359151244163513
3886f0d80f,Positive,0.7051784992218018
9b12277b7c,Negative,0.8977509140968323
8f9297dc78,Negative,0.9524527788162231
6f162c93fc,Neutral,0.8510541915893555
126eaf722b,Negative,0.9751639366149902
457739ef1c,Positive,0.9523301720619202
0aa74c98b0,Positive,0.5499734878540039
d8ed7fbef1,Negative,0.9063861966133118
6f57df23b2,Positive,0.7384001612663269
c61da830b9,Positive,0.6776056289672852
7cc31e7a57,Positive,0.8937065005302429
187284a68a,Positive,0.8898867964744568
a8242eb5c9,Neutral,0.9108574390411377
48544003f6,Neutral,0.9839707016944885
b4f973f461,Neutral,0.990641176700592
dd8afb9369,Positive,0.9195036888122559
b6ca6b9c10,Neutral,0.8173061609268188
322683c775,Negative,0.8222643136978149
99157ecd16,Positive,0.9131642580032349
621e73c460,Positive,0.7922983765602112
d65f306dfc,Neutral,0.986382007598877
7b6f202285,Neutral,0.9251000285148621
a4345527e2,Negative,0.7715688347816467
c1bba036de,Negative,0.7541661262512207
7c912b0fd7,Negative,0.9244471192359924
a208edf3ae,Neutral,0.9353703260421753
fb5326073f,Negative,0.4992600381374359
0337b22500,Neutral,0.5009709596633911
c4bc344970,Positive,0.9563496112823486
026565370a,Negative,0.9674575924873352
8e61f43301,Positive,0.6165648698806763
0a66d78b33,Negative,0.8667253255844116
9a10f21760,Negative,0.8410413861274719
19bfebda4f,Positive,0.7243173718452454
df41965a89,Negative,0.7025556564331055
feea2bd7ce,Positive,0.6041921973228455
7ae021952e,Negative,0.7984373569488525
ba114e7c20,Negative,0.9629279971122742
67fbb826db,Negative,0.8697873950004578
1bd8387e44,Negative,0.5786941647529602
2eac7bb590,Negative,0.9714215993881226
40edf27aa0,Negative,0.7117851972579956
c8094cddcb,Neutral,0.9733635783195496
71e845e260,Negative,0.5706533789634705
ea6f166462,Negative,0.9574645161628723
6aa64b18c0,Negative,0.9691168069839478
7b08ff3009,Positive,0.9313161969184875
981cdff61f,Positive,0.8873863816261292
7a4cc3519c,Neutral,0.982377290725708
0ffeb839af,Negative,0.654949963092804
e4b1151c12,Positive,0.8832031488418579
a476932641,Neutral,0.9854272603988647
25edc258ec,Positive,0.7131669521331787
8708920cc8,Neutral,0.969183623790741
14a56d8be3,Positive,0.5145555138587952
d1bbd7299e,Negative,0.9698375463485718
6027586765,Neutral,0.9885295033454895
6fdd548716,Negative,0.954472005367279
e9153a29e2,Positive,0.8528175950050354
872c4cafe5,Negative,0.9261962175369263
e117e9ba39,Negative,0.971580445766449
672d9efcc5,Neutral,0.6913301348686218
caee1ae873,Positive,0.9479812383651733
b4e6b56991,Negative,0.8847770094871521
64e56c51ab,Neutral,0.9432246685028076
6665eb0308,Negative,0.8344897627830505
0a8ee36e34,Positive,0.9499844908714294
a91ee9ae2a,Positive,0.6176598072052002
297229ad80,Neutral,0.6324980854988098
1f4eaec01f,Negative,0.887022852897644
132dce3954,Negative,0.9753482937812805
94285d3773,Negative,0.8748275637626648
d91d0114de,Negative,0.9208155870437622
032a84781c,Positive,0.9508353471755981
60084c95eb,Negative,0.868126392364502
047bfefe2a,Positive,0.7174729704856873
c24fb06eb4,Neutral,0.8127717971801758
23354c78a0,Negative,0.9443638920783997
a5b3bb387d,Neutral,0.5239750742912292
25f2a4ad62,Neutral,0.9796082973480225
e978afed31,Negative,0.9733375906944275
c5f0578c76,Positive,0.975564181804657
0fe31c6cea,Neutral,0.8342175483703613
3cb6c43864,Neutral,0.9568324089050293
2456d97b43,Negative,0.9040349125862122
bd09357a67,Positive,0.5937286615371704
41ab96b028,Negative,0.8946149945259094
ea86ccd8bd,Positive,0.9673457145690918
e8f6a5f9a0,Negative,0.9624666571617126
20561428ed,Negative,0.8246990442276001
4dfec959d5,Positive,0.905646026134491
d39409da55,Neutral,0.9874898791313171
70c379db4a,Negative,0.9461325407028198
bb91a5b398,Positive,0.9008985757827759
9935216523,Positive,0.929039716720581
b93bf95e26,Negative,0.5012758374214172
62d30808a7,Negative,0.8933663368225098
9c0bacae3b,Positive,0.7860330939292908
1f92e7c2cf,Positive,0.8816933035850525
252084fa37,Positive,0.9593653082847595
7cb4f5bf3e,Negative,0.845142126083374
395230b58e,Neutral,0.9767754077911377
0e43508571,Neutral,0.9872626662254333
ce442067f6,Positive,0.9187030792236328
9fedbe7de1,Positive,0.7327831387519836
3cc8c99fb3,Positive,0.8594337701797485
81793e2785,Negative,0.9340275526046753
f8f7739a22,Negative,0.9642617106437683
34027ed382,Negative,0.7453293204307556
20d53ee1b4,Negative,0.9113661050796509
0ec3bd2cc7,Positive,0.9747949838638306
31de0662c8,Neutral,0.9797430634498596
e339fbda56,Negative,0.5146295428276062
2bb2394529,Neutral,0.9855003952980042
6eedb59518,Negative,0.5424639582633972
c6d3569fbf,Positive,0.9629590511322021
0c398f0540,Positive,0.9672161936759949
f0d6048fc7,Positive,0.5783242583274841
283f765811,Negative,0.9770191311836243
4778578314,Positive,0.9299220442771912
becabef450,Neutral,0.9675403833389282
9bf6e5278e,Neutral,0.9891197681427002
b25c6e7c4e,Negative,0.9563925266265869
82f782692c,Neutral,0.588274359703064
557d63dec8,Positive,0.9516236186027527
